ImageId,Label
1,1.666667
2,0.000000
3,8.000000
4,4.333333
5,3.000000
