ImageId,Label
1,1.587401
2,0.000000
3,7.862224
4,3.301927
5,3.000000
